{
  "accuracy": [
    0.5452261567115784,
    0.6055276393890381,
    0.6507537961006165,
    0.5854271650314331,
    0.6532663106918335,
    0.6658291220664978,
    0.6582914590835571,
    0.6758794188499451,
    0.6809045076370239,
    0.6758794188499451,
    0.6834170818328857,
    0.6532663106918335,
    0.7010050415992737,
    0.6733668446540833,
    0.660804033279419,
    0.6809045076370239
  ],
  "auc": [
    0.5889748334884644,
    0.6661181449890137,
    0.7496626377105713,
    0.7391476035118103,
    0.772650957107544,
    0.8329768180847168,
    0.8086720108985901,
    0.7995227575302124,
    0.8447259664535522,
    0.8348033428192139,
    0.8523119688034058,
    0.8546816110610962,
    0.870709240436554,
    0.8494323492050171,
    0.8455651998519897,
    0.8252263069152832
  ],
  "loss": [
    5.181346416473389,
    4.865271091461182,
    4.494251251220703,
    4.420480251312256,
    4.306985378265381,
    4.107318878173828,
    4.095555782318115,
    4.069242477416992,
    3.9761664867401123,
    4.007901668548584,
    3.932382583618164,
    3.909111499786377,
    3.885699510574341,
    3.921459913253784,
    3.9198198318481445,
    3.9251561164855957
  ],
  "precision": [
    0.7740384340286255,
    0.8631578683853149,
    0.8899999856948853,
    0.8823529481887817,
    0.8905472755432129,
    0.921875,
    0.9076923131942749,
    0.9322916865348816,
    0.9375,
    0.9278350472450256,
    0.9470899701118469,
    0.9337016344070435,
    0.9489796161651611,
    0.9365079402923584,
    0.9545454382896423,
    0.9158415794372559
  ],
  "recall": [
    0.5457627177238464,
    0.5559322237968445,
    0.6033898591995239,
    0.508474588394165,
    0.6067796349525452,
    0.6000000238418579,
    0.6000000238418579,
    0.6067796349525452,
    0.6101694703102112,
    0.6101694703102112,
    0.6067796349525452,
    0.5728813409805298,
    0.6305084824562073,
    0.6000000238418579,
    0.5694915056228638,
    0.6271186470985413
  ],
  "val_accuracy": [
    0.25882354378700256,
    0.25882354378700256,
    0.25882354378700256,
    0.25882354378700256,
    0.25882354378700256,
    0.25882354378700256,
    0.25882354378700256,
    0.25882354378700256,
    0.25882354378700256,
    0.25882354378700256,
    0.25882354378700256,
    0.25882354378700256,
    0.25882354378700256,
    0.25882354378700256,
    0.25882354378700256,
    0.25882354378700256
  ],
  "val_auc": [
    0.45670995116233826,
    0.5,
    0.5,
    0.5,
    0.5,
    0.5,
    0.5,
    0.5,
    0.5,
    0.5,
    0.5,
    0.5,
    0.5,
    0.5,
    0.5,
    0.5
  ],
  "val_loss": [
    6.978870391845703,
    8.277238845825195,
    9.110280990600586,
    9.375426292419434,
    9.324833869934082,
    9.51230525970459,
    9.636455535888672,
    9.837129592895508,
    9.913445472717285,
    9.967001914978027,
    10.077401161193848,
    10.160198211669922,
    10.209177017211914,
    10.297837257385254,
    10.354031562805176,
    10.38883113861084
  ],
  "val_precision": [
    0.0,
    0.0,
    0.0,
    0.0,
    0.0,
    0.0,
    0.0,
    0.0,
    0.0,
    0.0,
    0.0,
    0.0,
    0.0,
    0.0,
    0.0,
    0.0
  ],
  "val_recall": [
    0.0,
    0.0,
    0.0,
    0.0,
    0.0,
    0.0,
    0.0,
    0.0,
    0.0,
    0.0,
    0.0,
    0.0,
    0.0,
    0.0,
    0.0,
    0.0
  ],
  "learning_rate": [
    9.999999747378752e-05,
    9.999999747378752e-05,
    9.999999747378752e-05,
    9.999999747378752e-05,
    9.999999747378752e-05,
    9.999999747378752e-05,
    1.9999999494757503e-05,
    1.9999999494757503e-05,
    1.9999999494757503e-05,
    1.9999999494757503e-05,
    1.9999999494757503e-05,
    3.999999989900971e-06,
    3.999999989900971e-06,
    3.999999989900971e-06,
    3.999999989900971e-06,
    3.999999989900971e-06
  ]
}