{
  "accuracy": [
    0.8417085409164429,
    0.9195979833602905,
    0.9195979833602905,
    0.9522613286972046,
    0.947236180305481,
    0.9673366546630859,
    0.9572864174842834,
    0.9773869514465332,
    0.9773869514465332,
    0.9748743772506714,
    0.9623115658760071,
    0.9648241400718689,
    0.9874371886253357,
    0.979899525642395,
    0.9673366546630859,
    0.9748743772506714,
    0.9698492288589478,
    0.9874371886253357,
    0.9623115658760071
  ],
  "auc": [
    0.9630245566368103,
    0.9898797869682312,
    0.9959024786949158,
    0.9967418313026428,
    0.9981240630149841,
    0.9971696138381958,
    0.9956063032150269,
    0.9974822998046875,
    0.9970380067825317,
    0.9951785206794739,
    0.9978278279304504,
    0.9971531629562378,
    0.9994898438453674,
    0.9998847842216492,
    0.998239278793335,
    0.9997696280479431,
    0.9959518909454346,
    0.9996708631515503,
    0.9986342191696167
  ],
  "loss": [
    0.34524795413017273,
    0.18344511091709137,
    0.13915349543094635,
    0.1004592552781105,
    0.09247559309005737,
    0.08222651481628418,
    0.08936558663845062,
    0.06517646461725235,
    0.06856085360050201,
    0.07404746860265732,
    0.08085589855909348,
    0.08506496995687485,
    0.04510603845119476,
    0.04372043162584305,
    0.07518508285284042,
    0.04350544512271881,
    0.06518124043941498,
    0.03647651895880699,
    0.0712599977850914
  ],
  "precision": [
    0.9793388247489929,
    0.99622642993927,
    1.0,
    0.9964028596878052,
    0.9963768124580383,
    0.9964788556098938,
    0.9964285492897034,
    1.0,
    1.0,
    0.9930796027183533,
    1.0,
    1.0,
    1.0,
    1.0,
    1.0,
    1.0,
    1.0,
    1.0,
    1.0
  ],
  "recall": [
    0.803389847278595,
    0.8949152827262878,
    0.8915254473686218,
    0.9389830231666565,
    0.9322034120559692,
    0.9593220353126526,
    0.9457626938819885,
    0.9694915413856506,
    0.9694915413856506,
    0.9728813767433167,
    0.9491525292396545,
    0.9525423645973206,
    0.9830508232116699,
    0.9728813767433167,
    0.9559321999549866,
    0.9661017060279846,
    0.9593220353126526,
    0.9830508232116699,
    0.9491525292396545
  ],
  "val_accuracy": [
    0.800000011920929,
    1.0,
    0.9882352948188782,
    0.9882352948188782,
    1.0,
    1.0,
    1.0,
    1.0,
    1.0,
    1.0,
    1.0,
    1.0,
    1.0,
    1.0,
    1.0,
    1.0,
    1.0,
    1.0,
    1.0
  ],
  "val_auc": [
    1.0,
    1.0,
    1.0,
    1.0,
    1.0,
    1.0,
    1.0,
    1.0,
    1.0,
    1.0,
    1.0,
    1.0,
    1.0,
    1.0,
    1.0,
    1.0,
    1.0,
    1.0,
    1.0
  ],
  "val_loss": [
    0.3903924524784088,
    0.010517459362745285,
    0.04847316816449165,
    0.02997880056500435,
    0.007186964154243469,
    0.009386236779391766,
    0.021871190518140793,
    0.015458447858691216,
    0.0071175359189510345,
    0.009818049147725105,
    0.019189395010471344,
    0.016246335580945015,
    0.010369396768510342,
    0.008906214497983456,
    0.011680212803184986,
    0.014057768508791924,
    0.01728297956287861,
    0.019458113238215446,
    0.019912613555788994
  ],
  "val_precision": [
    1.0,
    1.0,
    1.0,
    1.0,
    1.0,
    1.0,
    1.0,
    1.0,
    1.0,
    1.0,
    1.0,
    1.0,
    1.0,
    1.0,
    1.0,
    1.0,
    1.0,
    1.0,
    1.0
  ],
  "val_recall": [
    0.7301587462425232,
    1.0,
    0.9841269850730896,
    0.9841269850730896,
    1.0,
    1.0,
    1.0,
    1.0,
    1.0,
    1.0,
    1.0,
    1.0,
    1.0,
    1.0,
    1.0,
    1.0,
    1.0,
    1.0,
    1.0
  ],
  "learning_rate": [
    0.0010000000474974513,
    0.0010000000474974513,
    0.0010000000474974513,
    0.0010000000474974513,
    0.0010000000474974513,
    0.0010000000474974513,
    0.0010000000474974513,
    0.0010000000474974513,
    0.0010000000474974513,
    0.0010000000474974513,
    0.00020000000949949026,
    0.00020000000949949026,
    0.00020000000949949026,
    0.00020000000949949026,
    0.00020000000949949026,
    4.0000002627493814e-05,
    4.0000002627493814e-05,
    4.0000002627493814e-05,
    4.0000002627493814e-05
  ]
}