{
  "accuracy": [
    0.6557788848876953,
    0.6934673190116882,
    0.7487437129020691,
    0.7763819098472595,
    0.7738693356513977,
    0.80402010679245,
    0.8115577697753906,
    0.80402010679245,
    0.8165829181671143,
    0.8316583037376404,
    0.8542713522911072,
    0.8542713522911072,
    0.8693467378616333
  ],
  "auc": [
    0.825835108757019,
    0.8856343030929565,
    0.9237288236618042,
    0.9446930885314941,
    0.9424551725387573,
    0.968932032585144,
    0.9632219672203064,
    0.9566562175750732,
    0.9645054936408997,
    0.9808622598648071,
    0.9735395908355713,
    0.9727497100830078,
    0.9847128391265869
  ],
  "loss": [
    1.224527359008789,
    0.6504272818565369,
    0.4497755765914917,
    0.36663979291915894,
    0.3686041831970215,
    0.3043261170387268,
    0.29495877027511597,
    0.32080987095832825,
    0.29500311613082886,
    0.24715591967105865,
    0.2565377950668335,
    0.2544781267642975,
    0.2242031991481781
  ],
  "precision": [
    0.9488636255264282,
    0.9887005686759949,
    0.9949238300323486,
    0.9904761910438538,
    0.9857819676399231,
    0.9909502267837524,
    1.0,
    0.9954338073730469,
    0.991150438785553,
    1.0,
    1.0,
    1.0,
    1.0
  ],
  "recall": [
    0.5661016702651978,
    0.5932203531265259,
    0.6644067764282227,
    0.7050847411155701,
    0.7050847411155701,
    0.7423728704452515,
    0.7457627058029175,
    0.7389830350875854,
    0.7593220472335815,
    0.7728813290596008,
    0.803389847278595,
    0.803389847278595,
    0.8237287998199463
  ],
  "val_accuracy": [
    0.25882354378700256,
    0.25882354378700256,
    0.25882354378700256,
    0.25882354378700256,
    0.25882354378700256,
    0.25882354378700256,
    0.25882354378700256,
    0.25882354378700256,
    0.25882354378700256,
    0.25882354378700256,
    0.25882354378700256,
    0.25882354378700256,
    0.25882354378700256
  ],
  "val_auc": [
    0.5396825671195984,
    0.5317460298538208,
    0.5097402930259705,
    0.5,
    0.5,
    0.5,
    0.5,
    0.5,
    0.5209234952926636,
    0.5,
    0.460317462682724,
    0.5468975305557251,
    0.6154400706291199
  ],
  "val_loss": [
    3.950415849685669,
    2.507601499557495,
    2.1626038551330566,
    2.4402358531951904,
    3.3604118824005127,
    3.632420539855957,
    3.199327230453491,
    3.2035486698150635,
    3.109492778778076,
    3.2358078956604004,
    2.8631653785705566,
    3.09320330619812,
    3.1197826862335205
  ],
  "val_precision": [
    0.0,
    0.0,
    0.0,
    0.0,
    0.0,
    0.0,
    0.0,
    0.0,
    0.0,
    0.0,
    0.0,
    0.0,
    0.0
  ],
  "val_recall": [
    0.0,
    0.0,
    0.0,
    0.0,
    0.0,
    0.0,
    0.0,
    0.0,
    0.0,
    0.0,
    0.0,
    0.0,
    0.0
  ],
  "learning_rate": [
    0.0010000000474974513,
    0.0010000000474974513,
    0.0010000000474974513,
    0.0010000000474974513,
    0.0010000000474974513,
    0.0010000000474974513,
    0.0010000000474974513,
    0.0010000000474974513,
    0.00020000000949949026,
    0.00020000000949949026,
    0.00020000000949949026,
    0.00020000000949949026,
    0.00020000000949949026
  ]
}